,main,sub,path,ecpath,compound_id
0,Organic acids,Carboxylic acids [Fig],Monocarboxylic acids,C00058  Formate; Methanoate,C00058
1,Organic acids,Carboxylic acids [Fig],Monocarboxylic acids,C00033  Acetate; Ethanoate,C00033
2,Organic acids,Carboxylic acids [Fig],Monocarboxylic acids,C00163  Propionate; Propanoate,C00163
3,Organic acids,Carboxylic acids [Fig],Monocarboxylic acids,C00246  Butyrate; Butanoate,C00246
4,Organic acids,Carboxylic acids [Fig],Monocarboxylic acids,C00803  Valerate; Pentanoate,C00803
5,Organic acids,Carboxylic acids [Fig],Monocarboxylic acids,C01585  Capronate; Hexanoate,C01585
6,Organic acids,Carboxylic acids [Fig],Monocarboxylic acids,C17714  Enanthate; Heptanoate,C17714
7,Organic acids,Carboxylic acids [Fig],Monocarboxylic acids,C06423  Caprylate; Octanoate,C06423
8,Organic acids,Carboxylic acids [Fig],Dicarboxylic acids,C00209  Oxalate,C00209
9,Organic acids,Carboxylic acids [Fig],Dicarboxylic acids,C00383  Malonate,C00383
10,Organic acids,Carboxylic acids [Fig],Dicarboxylic acids,C00042  Succinate,C00042
11,Organic acids,Carboxylic acids [Fig],Dicarboxylic acids,C00489  Glutarate,C00489
12,Organic acids,Carboxylic acids [Fig],Dicarboxylic acids,C06104  Adipate,C06104
13,Organic acids,Carboxylic acids [Fig],Dicarboxylic acids,C02656  Pimelate,C02656
14,Organic acids,Carboxylic acids [Fig],Dicarboxylic acids,C08278  Suberate,C08278
15,Organic acids,Carboxylic acids [Fig],Tricarboxylic acids,C00158  Citrate,C00158
16,Organic acids,Carboxylic acids [Fig],Tricarboxylic acids,C00311  Isocitrate,C00311
17,Organic acids,Carboxylic acids [Fig],Tricarboxylic acids,C00417  cis-Aconitate,C00417
18,Organic acids,Carboxylic acids [Fig],Tricarboxylic acids,C02341  trans-Aconitate,C02341
19,Organic acids,Carboxylic acids [Fig],2-Oxocarboxylic acids,C00048  Glyoxylate; Oxoacetate,C00048
20,Organic acids,Carboxylic acids [Fig],2-Oxocarboxylic acids,C00022  Pyruvate; 2-Oxopropanoate,C00022
21,Organic acids,Carboxylic acids [Fig],2-Oxocarboxylic acids,C00109  2-Oxobutanoate,C00109
22,Organic acids,Carboxylic acids [Fig],2-Oxocarboxylic acids,C06255  2-Oxovalerate,C06255
23,Organic acids,Carboxylic acids [Fig],2-Oxocarboxylic acids,C00902  2-Oxohexanoate,C00902
24,Organic acids,Carboxylic acids [Fig],2-Oxocarboxylic acids,C00036  Oxaloacetate; 2-Oxosuccinate,C00036
25,Organic acids,Carboxylic acids [Fig],2-Oxocarboxylic acids,C00026  2-Oxoglutarate,C00026
26,Organic acids,Carboxylic acids [Fig],2-Oxocarboxylic acids,C00322  2-Oxoadipate,C00322
27,Organic acids,Carboxylic acids [Fig],2-Oxocarboxylic acids,C16588  2-Oxopimelate,C16588
28,Organic acids,Carboxylic acids [Fig],2-Oxocarboxylic acids,C16589  2-Oxosuberate,C16589
29,Organic acids,Carboxylic acids [Fig],2-Oxocarboxylic acids,C00141  2-Oxoisovalerate,C00141
30,Organic acids,Carboxylic acids [Fig],2-Oxocarboxylic acids,C00233  2-Oxoisocaproate,C00233
31,Organic acids,Carboxylic acids [Fig],2-Oxocarboxylic acids,C00671  (S)-3-Methyl-2-oxopentanoic acid,C00671
32,Organic acids,Carboxylic acids [Fig],3-Oxocarboxylic acids,C00222  3-Oxopropanoate,C00222
33,Organic acids,Carboxylic acids [Fig],3-Oxocarboxylic acids,C00164  Acetoacetate; 3-Oxobutanoate,C00164
34,Organic acids,Carboxylic acids [Fig],4-Oxocarboxylic acid,C00232  Succinate semialdehyde; 4-Oxobutanoate,C00232
35,Organic acids,Carboxylic acids [Fig],Hydroxycarboxylic acids,C00186  L-Lactate; (S)-2-Hydroxypropanoate,C00186
36,Organic acids,Carboxylic acids [Fig],Hydroxycarboxylic acids,C00149  Malate; (S)-2-Hydroxybutanediate,C00149
37,Organic acids,Carboxylic acids [Fig],Hydroxycarboxylic acids,C01013  3-Hydroxypropanoate,C01013
38,Organic acids,Carboxylic acids [Fig],Hydroxycarboxylic acids,C01089  (R)-3-Hydroxybutanoate,C01089
39,Organic acids,Carboxylic acids [Fig],Hydroxycarboxylic acids,C00989  4-Hydroxybutanoate,C00989
40,Lipids,Fatty acids [Fig],Saturated fatty acids,C00246  Butyric acid (4:0),C00246
41,Lipids,Fatty acids [Fig],Saturated fatty acids,C01585  Caproic acid (6:0),C01585
42,Lipids,Fatty acids [Fig],Saturated fatty acids,C06423  Caprylic acid (8:0),C06423
43,Lipids,Fatty acids [Fig],Saturated fatty acids,C01571  Capric acid (10:0),C01571
44,Lipids,Fatty acids [Fig],Saturated fatty acids,C02679  Lauric acid (12:0),C02679
45,Lipids,Fatty acids [Fig],Saturated fatty acids,C06424  Myristic acid (14:0),C06424
46,Lipids,Fatty acids [Fig],Saturated fatty acids,C00249  Palmitic acid (16:0),C00249
47,Lipids,Fatty acids [Fig],Saturated fatty acids,C01530  Stearic acid (18:0),C01530
48,Lipids,Fatty acids [Fig],Saturated fatty acids,C06425  Arachidic acid (20:0),C06425
49,Lipids,Fatty acids [Fig],Saturated fatty acids,C08281  Behenic acid (22:0),C08281
50,Lipids,Fatty acids [Fig],Saturated fatty acids,C08320  Lignoceric acid (24:0),C08320
51,Lipids,Fatty acids [Fig],Unsaturated fatty acids,C08362  Palmitoleic acid (16:1;9),C08362
52,Lipids,Fatty acids [Fig],Unsaturated fatty acids,C00712  Oleic acid (18:1;9),C00712
53,Lipids,Fatty acids [Fig],Unsaturated fatty acids,C01712  Elaidic acid (18:1;9),C01712
54,Lipids,Fatty acids [Fig],Unsaturated fatty acids,C16526  Icosenoic acid (20:1;11),C16526
55,Lipids,Fatty acids [Fig],Unsaturated fatty acids,C08316  Erucic acid (22:1;13),C08316
56,Lipids,Fatty acids [Fig],Unsaturated fatty acids,C08323  Nervonic acid (24:1;15),C08323
57,Lipids,Fatty acids [Fig],Unsaturated fatty acids,"C01595  Linoleic acid (18:2;9,12)",C01595
58,Lipids,Fatty acids [Fig],Unsaturated fatty acids,"C16525  Icosadienoic acid (20:2;11,14)",C16525
59,Lipids,Fatty acids [Fig],Unsaturated fatty acids,"C16533  Docosadienoic acid (22:2;13,16)",C16533
60,Lipids,Fatty acids [Fig],Unsaturated fatty acids,"C06426  gamma-Linolenic acid (18:3;6,9,12)",C06426
61,Lipids,Fatty acids [Fig],Unsaturated fatty acids,"C06427  alpha-Linolenic acid (18:3;9,12,15)",C06427
62,Lipids,Fatty acids [Fig],Unsaturated fatty acids,"C00219  Arachidonic acid (20:4;5,8,11,14)",C00219
63,Lipids,Fatty acids [Fig],Unsaturated fatty acids,"C06428  Eicosapentaenoic acid (20:5;5,8,11,14.17)",C06428
64,Lipids,Fatty acids [Fig],Unsaturated fatty acids,"C06429  Docosahexaenoic acid (22:6;4,7,10,13,16,19)",C06429
65,Lipids,Fats [Fig],Acylglycerols,C01885  1-Monoacylglycerol,C01885
66,Lipids,Fats [Fig],Acylglycerols,C02112  2-Monoacylglycerol,C02112
67,Lipids,Fats [Fig],Acylglycerols,"C00641  1,2-Diacylglycerol",C00641
68,Lipids,Fats [Fig],Acylglycerols,"C06437  1,3-Diacylglycerol",C06437
69,Lipids,Fats [Fig],Acylglycerols,C00422  Triacylglycerol,C00422
70,Lipids,Phospholipids [Fig],Glycerophospholipids,C00416  Phosphatidic acid,C00416
71,Lipids,Phospholipids [Fig],Glycerophospholipids,C00350  Phosphatidylethanolamine,C00350
72,Lipids,Phospholipids [Fig],Glycerophospholipids,C00157  Phosphatidylcholine; Lecithin,C00157
73,Lipids,Phospholipids [Fig],Glycerophospholipids,C02737  Phosphatidylserine,C02737
74,Lipids,Phospholipids [Fig],Glycerophospholipids,C01194  Phosphatidylinositol,C01194
75,Lipids,Phospholipids [Fig],Glycerophospholipids,C04230  2-Lysolecithin,C04230
76,Lipids,Phospholipids [Fig],Glycerophospholipids,C04756  Plasmenylethanolamine,C04756
77,Lipids,Phospholipids [Fig],Glycerophospholipids,C00958  Plasmenylcholine,C00958
78,Lipids,Phospholipids [Fig],Glycerophospholipids,C00344  Phosphatidylglycerol,C00344
79,Lipids,Phospholipids [Fig],Glycerophospholipids,C05980  Diphosphatidylglycerol; Cardiolipin,C05980
80,Lipids,Phospholipids [Fig],Phosphosphingolipids,C00550  Sphingomyelin,C00550
81,Lipids,Glycolipids [Fig],Glyceroglycolipids,C03692  Monogalactosyldiacylglycerol,C03692
82,Lipids,Glycolipids [Fig],Glyceroglycolipids,C06037  Digalactosyldiacylglycerol,C06037
83,Lipids,Glycolipids [Fig],Glyceroglycolipids,C20825  Seminolipid,C20825
84,Lipids,Glycolipids [Fig],Glycosphingolipids,C01190  Glucosylceramide,C01190
85,Lipids,Glycolipids [Fig],Glycosphingolipids,C02686  Galactosylceramide,C02686
86,Lipids,Glycolipids [Fig],Glycosphingolipids,C01290  Lactosylceramide,C01290
87,Lipids,Glycolipids [Fig],Glycosphingolipids,C04911  GM1,C04911
88,Lipids,Glycolipids [Fig],Glycosphingolipids,C04884  GM2,C04884
89,Lipids,Glycolipids [Fig],Glycosphingolipids,C04730  GM3,C04730
90,Lipids,Glycolipids [Fig],Glycosphingolipids,C06125  Sulfatide,C06125
91,Lipids,Eicosanoids [Fig],Prostaglandins,C04685  Prostaglandin A1,C04685
92,Lipids,Eicosanoids [Fig],Prostaglandins,C05953  Prostaglandin A2,C05953
93,Lipids,Eicosanoids [Fig],Prostaglandins,C00959  Prostaglandin B1,C00959
94,Lipids,Eicosanoids [Fig],Prostaglandins,C05954  Prostaglandin B2,C05954
95,Lipids,Eicosanoids [Fig],Prostaglandins,C04686  Prostaglandin C1,C04686
96,Lipids,Eicosanoids [Fig],Prostaglandins,C05955  Prostaglandin C2,C05955
97,Lipids,Eicosanoids [Fig],Prostaglandins,C06438  Prostaglandin D1,C06438
98,Lipids,Eicosanoids [Fig],Prostaglandins,C00696  Prostaglandin D2,C00696
99,Lipids,Eicosanoids [Fig],Prostaglandins,C04741  Prostaglandin E1,C04741
100,Lipids,Eicosanoids [Fig],Prostaglandins,C00584  Prostaglandin E2,C00584
101,Lipids,Eicosanoids [Fig],Prostaglandins,C06439  Prostaglandin E3,C06439
102,Lipids,Eicosanoids [Fig],Prostaglandins,C06475  Prostaglandin F1alpha,C06475
103,Lipids,Eicosanoids [Fig],Prostaglandins,C00639  Prostaglandin F2alpha,C00639
104,Lipids,Eicosanoids [Fig],Prostaglandins,C02314  Prostaglandin F2beta,C02314
105,Lipids,Eicosanoids [Fig],Prostaglandins,C06476  Prostaglandin F3alpha,C06476
106,Lipids,Eicosanoids [Fig],Prostaglandins,C05956  Prostaglandin G2,C05956
107,Lipids,Eicosanoids [Fig],Prostaglandins,C00427  Prostaglandin H2,C00427
108,Lipids,Eicosanoids [Fig],Prostaglandins,C01312  Prostaglandin I2,C01312
109,Lipids,Eicosanoids [Fig],Prostaglandins,C05957  Prostaglandin J2,C05957
110,Lipids,Eicosanoids [Fig],Leukotrienes,C00909  Leukotriene A4,C00909
111,Lipids,Eicosanoids [Fig],Leukotrienes,C02165  Leukotriene B4,C02165
112,Lipids,Eicosanoids [Fig],Leukotrienes,C02166  Leukotriene C4,C02166
113,Lipids,Eicosanoids [Fig],Leukotrienes,C05951  Leukotriene D4,C05951
114,Lipids,Eicosanoids [Fig],Leukotrienes,C05952  Leukotriene E4,C05952
115,Lipids,Eicosanoids [Fig],Leukotrienes,C06462  Leukotriene F4,C06462
116,Lipids,Eicosanoids [Fig],Leukotrienes,C05356  5-HPETE,C05356
117,Lipids,Eicosanoids [Fig],Thromboxanes,C02198  Thromboxane A2,C02198
118,Lipids,Eicosanoids [Fig],Thromboxanes,C05963  Thromboxane B2,C05963
119,Lipids,Eicosanoids [Fig],Thromboxanes,C05964  11-Dehydro-thromboxane B2,C05964
120,Carbohydrates,Monosaccharides,Aldoses [Fig],C00577  D-Glyceraldehyde,C00577
121,Carbohydrates,Monosaccharides,Aldoses [Fig],C02426  L-Glyceraldehyde,C02426
122,Carbohydrates,Monosaccharides,Aldoses [Fig],C01796  D-Erythrose,C01796
123,Carbohydrates,Monosaccharides,Aldoses [Fig],C06463  D-Threose,C06463
124,Carbohydrates,Monosaccharides,Aldoses [Fig],C00216  D-Arabinose,C00216
125,Carbohydrates,Monosaccharides,Aldoses [Fig],C00259  L-Arabinose,C00259
126,Carbohydrates,Monosaccharides,Aldoses [Fig],C00181  D-Xylose,C00181
127,Carbohydrates,Monosaccharides,Aldoses [Fig],C01510  L-Xylose,C01510
128,Carbohydrates,Monosaccharides,Aldoses [Fig],C00476  D-Lyxose,C00476
129,Carbohydrates,Monosaccharides,Aldoses [Fig],C01508  L-Lyxose,C01508
130,Carbohydrates,Monosaccharides,Aldoses [Fig],C00121  D-Ribose,C00121
131,Carbohydrates,Monosaccharides,Aldoses [Fig],C00031  D-Glucose,C00031
132,Carbohydrates,Monosaccharides,Aldoses [Fig],C00124  D-Galactose,C00124
133,Carbohydrates,Monosaccharides,Aldoses [Fig],C01825  L-Galactose,C01825
134,Carbohydrates,Monosaccharides,Aldoses [Fig],C00159  D-Mannose,C00159
135,Carbohydrates,Monosaccharides,Aldoses [Fig],C01487  D-Allose,C01487
136,Carbohydrates,Monosaccharides,Aldoses [Fig],C06464  D-Altrose,C06464
137,Carbohydrates,Monosaccharides,Aldoses [Fig],C06465  D-Gulose,C06465
138,Carbohydrates,Monosaccharides,Aldoses [Fig],C15923  L-Gulose,C15923
139,Carbohydrates,Monosaccharides,Aldoses [Fig],C06466  D-Idose,C06466
140,Carbohydrates,Monosaccharides,Aldoses [Fig],C06467  D-Talose,C06467
141,Carbohydrates,Monosaccharides,Aldoses [Fig],"C06474  3,6-Anhydrogalactose",C06474
142,Carbohydrates,Monosaccharides,Aldoses [Fig],"C06478  3,6-Anhydroglucose",C06478
143,Carbohydrates,Monosaccharides,Ketoses [Fig],C00184  Dihydroxyacetone,C00184
144,Carbohydrates,Monosaccharides,Ketoses [Fig],C02022  D-Erythrulose,C02022
145,Carbohydrates,Monosaccharides,Ketoses [Fig],C02045  L-Erythrulose,C02045
146,Carbohydrates,Monosaccharides,Ketoses [Fig],C00309  D-Ribulose,C00309
147,Carbohydrates,Monosaccharides,Ketoses [Fig],C00508  L-Ribulose,C00508
148,Carbohydrates,Monosaccharides,Ketoses [Fig],C00310  D-Xylulose,C00310
149,Carbohydrates,Monosaccharides,Ketoses [Fig],C00312  L-Xylulose,C00312
150,Carbohydrates,Monosaccharides,Ketoses [Fig],C00095  D-Fructose; Fruit sugar,C00095
151,Carbohydrates,Monosaccharides,Ketoses [Fig],C01719  L-Fructose,C01719
152,Carbohydrates,Monosaccharides,Ketoses [Fig],C00764  D-Sorbose,C00764
153,Carbohydrates,Monosaccharides,Ketoses [Fig],C00247  L-Sorbose,C00247
154,Carbohydrates,Monosaccharides,Ketoses [Fig],C00795  D-Tagatose,C00795
155,Carbohydrates,Monosaccharides,Ketoses [Fig],C06468  D-Psicose,C06468
156,Carbohydrates,Monosaccharides,Ketoses [Fig],C02076  Sedoheptulose,C02076
157,Carbohydrates,Monosaccharides,Ketoses [Fig],C19612  Coriose,C19612
158,Carbohydrates,Monosaccharides,Deoxy sugars [Fig],C01801  Deoxyribose,C01801
159,Carbohydrates,Monosaccharides,Deoxy sugars [Fig],C01018  D-Fucose,C01018
160,Carbohydrates,Monosaccharides,Deoxy sugars [Fig],C01019  L-Fucose,C01019
161,Carbohydrates,Monosaccharides,Deoxy sugars [Fig],C01684  D-Rhamnose,C01684
162,Carbohydrates,Monosaccharides,Deoxy sugars [Fig],C00507  L-Rhamnose,C00507
163,Carbohydrates,Monosaccharides,Deoxy sugars [Fig],C00586  2-Deoxy-D-glucose,C00586
164,Carbohydrates,Monosaccharides,Deoxy sugars [Fig],C02522  D-Quinovose,C02522
165,Carbohydrates,Monosaccharides,Deoxy sugars [Fig],C02781  2-Deoxy-D-galactose,C02781
166,Carbohydrates,Monosaccharides,Deoxy sugars [Fig],C06471  Abequose,C06471
167,Carbohydrates,Monosaccharides,Amino sugars [Fig],C00329  D-Glucosamine,C00329
168,Carbohydrates,Monosaccharides,Amino sugars [Fig],C02262  D-Galactosamine,C02262
169,Carbohydrates,Monosaccharides,Amino sugars [Fig],C03570  D-Mannosamine,C03570
170,Carbohydrates,Monosaccharides,Amino sugars [Fig],C15478  D-Fucosamine,C15478
171,Carbohydrates,Monosaccharides,Amino sugars [Fig],C15479  D-Quinovosamine,C15479
172,Carbohydrates,Monosaccharides,Amino sugars [Fig],C06469  Neuraminic acid,C06469
173,Carbohydrates,Monosaccharides,Amino sugars [Fig],C06470  Muramic acid,C06470
174,Carbohydrates,Monosaccharides,Amino sugars [Fig],C00140  N-Acetyl-D-glucosamine,C00140
175,Carbohydrates,Monosaccharides,Amino sugars [Fig],C01132  N-Acetyl-D-galactosamine,C01132
176,Carbohydrates,Monosaccharides,Amino sugars [Fig],C00645  N-Acetyl-D-mannosamine,C00645
177,Carbohydrates,Monosaccharides,Amino sugars [Fig],C15480  N-Acetyl-D-fucosamine,C15480
178,Carbohydrates,Monosaccharides,Amino sugars [Fig],C15481  N-Acetyl-D-quinovosamine,C15481
179,Carbohydrates,Monosaccharides,Amino sugars [Fig],C00270  N-Acetylneuraminic acid,C00270
180,Carbohydrates,Monosaccharides,Amino sugars [Fig],C02713  N-Acetylmuramic acid,C02713
181,Carbohydrates,Monosaccharides,Amino sugars [Fig],C03525  O-Acetylneuraminic acid,C03525
182,Carbohydrates,Monosaccharides,Amino sugars [Fig],C03410  N-Glycoloyl-neuraminate,C03410
183,Carbohydrates,Monosaccharides,Sugar acids [Fig],C00905  D-Fructuronic acid,C00905
184,Carbohydrates,Monosaccharides,Sugar acids [Fig],C00558  D-Tagaturonic acid,C00558
185,Carbohydrates,Monosaccharides,Sugar acids [Fig],C00191  D-Glucuronic acid,C00191
186,Carbohydrates,Monosaccharides,Sugar acids [Fig],C00333  D-Galacturonic acid,C00333
187,Carbohydrates,Monosaccharides,Sugar acids [Fig],C02024  D-Mannuronic acid,C02024
188,Carbohydrates,Monosaccharides,Sugar acids [Fig],C06472  L-Iduronic acid,C06472
189,Carbohydrates,Monosaccharides,Sugar acids [Fig],C06477  L-Guluronic acid,C06477
190,Carbohydrates,Monosaccharides,Sugar acids [Fig],C00257  D-Gluconic acid,C00257
191,Carbohydrates,Monosaccharides,Sugar acids [Fig],C03752  D-Glucosaminic acid,C03752
192,Carbohydrates,Monosaccharides,Sugar acids [Fig],C06473  2-Keto-D-gluconic acid,C06473
193,Carbohydrates,Monosaccharides,Sugar acids [Fig],C01187  3-Deoxy-D-manno-octulosonic acid,C01187
194,Carbohydrates,Monosaccharides,Sugar alcohols [Fig],C00116  Glycerol,C00116
195,Carbohydrates,Monosaccharides,Sugar alcohols [Fig],C00379  Xylitol,C00379
196,Carbohydrates,Monosaccharides,Sugar alcohols [Fig],C00794  Sorbitol,C00794
197,Carbohydrates,Monosaccharides,Sugar alcohols [Fig],C00392  Mannitol,C00392
198,Carbohydrates,Monosaccharides,Sugar alcohols [Fig],C00137  myo-Inositol,C00137
199,Carbohydrates,Oligosaccharides [Fig],Disaccharides,C00089  Sucrose; Cane sugar,C00089
200,Carbohydrates,Oligosaccharides [Fig],Disaccharides,C00243  Lactose; Milk sugar,C00243
201,Carbohydrates,Oligosaccharides [Fig],Disaccharides,C00208  Maltose; Malt sugar,C00208
202,Carbohydrates,Oligosaccharides [Fig],Disaccharides,C01083  Trehalose,C01083
203,Carbohydrates,Oligosaccharides [Fig],Disaccharides,C00185  Cellobiose,C00185
204,Carbohydrates,Oligosaccharides [Fig],Disaccharides,C19632  Kojibiose,C19632
205,Carbohydrates,Oligosaccharides [Fig],Disaccharides,C01518  Nigerose,C01518
206,Carbohydrates,Oligosaccharides [Fig],Disaccharides,C00252  Isomaltose,C00252
207,Carbohydrates,Oligosaccharides [Fig],Disaccharides,C08250  Sophorose,C08250
208,Carbohydrates,Oligosaccharides [Fig],Disaccharides,C02048  Laminaribiose,C02048
209,Carbohydrates,Oligosaccharides [Fig],Disaccharides,C08240  Gentiobiose,C08240
210,Carbohydrates,Oligosaccharides [Fig],Disaccharides,C19636  Turanose,C19636
211,Carbohydrates,Oligosaccharides [Fig],Disaccharides,C19633  Maltulose,C19633
212,Carbohydrates,Oligosaccharides [Fig],Disaccharides,C01742  Palatinose,C01742
213,Carbohydrates,Oligosaccharides [Fig],Disaccharides,C19635  Scillabiose,C19635
214,Carbohydrates,Oligosaccharides [Fig],Disaccharides,C01728  Mannobiose,C01728
215,Carbohydrates,Oligosaccharides [Fig],Disaccharides,C05402  Melibiose,C05402
216,Carbohydrates,Oligosaccharides [Fig],Disaccharides,C06372  Lacto-N-biose,C06372
217,Carbohydrates,Oligosaccharides [Fig],Disaccharides,C19634  Melibiulose,C19634
218,Carbohydrates,Oligosaccharides [Fig],Disaccharides,C08247  Rutinose,C08247
219,Carbohydrates,Oligosaccharides [Fig],Disaccharides,C01625  Vicianose,C01625
220,Carbohydrates,Oligosaccharides [Fig],Disaccharides,C01630  Xylobiose,C01630
221,Carbohydrates,Oligosaccharides [Fig],Tetrasaccharides,C06371  Lacto-N-tetraose,C06371
222,Carbohydrates,Polysaccharides [Fig],Homopolysaccharides,G10481  Cellulose,G10481
223,Carbohydrates,Polysaccharides [Fig],Homopolysaccharides,G10495  Amylose,G10495
224,Carbohydrates,Polysaccharides [Fig],Homopolysaccharides,G04981  Inulin,G04981
225,Carbohydrates,Polysaccharides [Fig],Homopolysaccharides,G10483  Chitin,G10483
226,Carbohydrates,Polysaccharides [Fig],Homopolysaccharides,G10536  Chitosan,G10536
227,Carbohydrates,Polysaccharides [Fig],Homopolysaccharides,G11610  Amylopectin,G11610
228,Carbohydrates,Polysaccharides [Fig],Homopolysaccharides,G11603  Glycogen,G11603
229,Carbohydrates,Polysaccharides [Fig],Homopolysaccharides,G10591  Pectin,G10591
230,Carbohydrates,Polysaccharides [Fig],Heteropolysaccharides,G11598  Glucomannan,G11598
231,Carbohydrates,Polysaccharides [Fig],Heteropolysaccharides,G11599  Galactoglucomannan,G11599
232,Carbohydrates,Polysaccharides [Fig],Heteropolysaccharides,G11622  Xyloglucan,G11622
233,Carbohydrates,Polysaccharides [Fig],Heteropolysaccharides,G11623  4-O-Methylglucuronoxylan,G11623
234,Carbohydrates,Polysaccharides [Fig],Heteropolysaccharides,G11619  Arabinoxylan,G11619
235,Carbohydrates,Polysaccharides [Fig],Heteropolysaccharides,G11624  4-O-Methylglucuronoarabinoxylran,G11624
236,Carbohydrates,Polysaccharides [Fig],Heteropolysaccharides,G11334  Chondroitin,G11334
237,Carbohydrates,Polysaccharides [Fig],Heteropolysaccharides,G10505  Hyaluronic acid,G10505
238,Carbohydrates,Polysaccharides [Fig],Heteropolysaccharides,G10593  Alginic acid,G10593
239,Nucleic acids,Bases [Fig],Purines,C00147  Adenine (Ade),C00147
240,Nucleic acids,Bases [Fig],Purines,C00242  Guanine (Gua),C00242
241,Nucleic acids,Bases [Fig],Pyrimidines,C00106  Uracil (Ura),C00106
242,Nucleic acids,Bases [Fig],Pyrimidines,C00178  Thymine (Thy),C00178
243,Nucleic acids,Bases [Fig],Pyrimidines,C00380  Cytosine (Cyt),C00380
244,Nucleic acids,Nucleosides [Fig],Ribonucleosides,C00212  Adenosine (A),C00212
245,Nucleic acids,Nucleosides [Fig],Ribonucleosides,C00387  Guanosine (G),C00387
246,Nucleic acids,Nucleosides [Fig],Ribonucleosides,C00299  Uridine (U),C00299
247,Nucleic acids,Nucleosides [Fig],Ribonucleosides,C00475  Cytidine (C),C00475
248,Nucleic acids,Nucleosides [Fig],Deoxyribonucleosides,C00559  Deoxyadenosine (dA),C00559
249,Nucleic acids,Nucleosides [Fig],Deoxyribonucleosides,C00330  Deoxyguanosine (dG),C00330
250,Nucleic acids,Nucleosides [Fig],Deoxyribonucleosides,C00526  Deoxyuridine (dU),C00526
251,Nucleic acids,Nucleosides [Fig],Deoxyribonucleosides,C00214  Deoxythymidine (dT),C00214
252,Nucleic acids,Nucleosides [Fig],Deoxyribonucleosides,C00881  Deoxycytidine (dC),C00881
253,Nucleic acids,Nucleotides [Fig],Ribonucleotides,C00020  AMP,C00020
254,Nucleic acids,Nucleotides [Fig],Ribonucleotides,C00008  ADP,C00008
255,Nucleic acids,Nucleotides [Fig],Ribonucleotides,C00002  ATP,C00002
256,Nucleic acids,Nucleotides [Fig],Ribonucleotides,C00144  GMP,C00144
257,Nucleic acids,Nucleotides [Fig],Ribonucleotides,C00035  GDP,C00035
258,Nucleic acids,Nucleotides [Fig],Ribonucleotides,C00044  GTP,C00044
259,Nucleic acids,Nucleotides [Fig],Ribonucleotides,C00105  UMP,C00105
260,Nucleic acids,Nucleotides [Fig],Ribonucleotides,C00015  UDP,C00015
261,Nucleic acids,Nucleotides [Fig],Ribonucleotides,C00075  UTP,C00075
262,Nucleic acids,Nucleotides [Fig],Ribonucleotides,C00055  CMP,C00055
263,Nucleic acids,Nucleotides [Fig],Ribonucleotides,C00112  CDP,C00112
264,Nucleic acids,Nucleotides [Fig],Ribonucleotides,C00063  CTP,C00063
265,Nucleic acids,Nucleotides [Fig],Deoxyribonucleotides,C00360  dAMP,C00360
266,Nucleic acids,Nucleotides [Fig],Deoxyribonucleotides,C00206  dADP,C00206
267,Nucleic acids,Nucleotides [Fig],Deoxyribonucleotides,C00131  dATP,C00131
268,Nucleic acids,Nucleotides [Fig],Deoxyribonucleotides,C00362  dGMP,C00362
269,Nucleic acids,Nucleotides [Fig],Deoxyribonucleotides,C00361  dGDP,C00361
270,Nucleic acids,Nucleotides [Fig],Deoxyribonucleotides,C00286  dGTP,C00286
271,Nucleic acids,Nucleotides [Fig],Deoxyribonucleotides,C00365  dUMP,C00365
272,Nucleic acids,Nucleotides [Fig],Deoxyribonucleotides,C01346  dUDP,C01346
273,Nucleic acids,Nucleotides [Fig],Deoxyribonucleotides,C00460  dUTP,C00460
274,Nucleic acids,Nucleotides [Fig],Deoxyribonucleotides,C00364  dTMP,C00364
275,Nucleic acids,Nucleotides [Fig],Deoxyribonucleotides,C00363  dTDP,C00363
276,Nucleic acids,Nucleotides [Fig],Deoxyribonucleotides,C00459  dTTP,C00459
277,Nucleic acids,Nucleotides [Fig],Deoxyribonucleotides,C00239  dCMP,C00239
278,Nucleic acids,Nucleotides [Fig],Deoxyribonucleotides,C00705  dCDP,C00705
279,Nucleic acids,Nucleotides [Fig],Deoxyribonucleotides,C00458  dCTP,C00458
280,Nucleic acids,Cyclic nucleotides [Fig],"3',5'-Cyclic nuclcleotides","C00575  3',5'-Cyclic AMP",C00575
281,Nucleic acids,Cyclic nucleotides [Fig],"3',5'-Cyclic nuclcleotides","C00942  3',5'-Cyclic GMP",C00942
282,Nucleic acids,Cyclic nucleotides [Fig],"3',5'-Cyclic nuclcleotides","C00943  3',5'-Cyclic IMP",C00943
283,Nucleic acids,Cyclic nucleotides [Fig],"3',5'-Cyclic nuclcleotides","C00968  3',5'-Cyclic dAMP",C00968
284,Nucleic acids,Cyclic nucleotides [Fig],"3',5'-Cyclic nuclcleotides","C02507  3',5'-Cyclic dGMP",C02507
285,Nucleic acids,Cyclic nucleotides [Fig],"3',5'-Cyclic nuclcleotides","C00941  3',5'-Cyclic CMP",C00941
286,Nucleic acids,Cyclic nucleotides [Fig],"2',3'-Cyclic nucleotides","C02353  2',3'-Cyclic AMP",C02353
287,Nucleic acids,Cyclic nucleotides [Fig],"2',3'-Cyclic nucleotides","C06194  2',3'-Cyclic GMP",C06194
288,Nucleic acids,Cyclic nucleotides [Fig],"2',3'-Cyclic nucleotides","C02354  2',3'-Cyclic CMP",C02354
289,Nucleic acids,Cyclic nucleotides [Fig],"2',3'-Cyclic nucleotides","C02355  2',3'-Cyclic UMP",C02355
290,Peptides,Peptides,Dipeptides [Fig],C01262  Anserine,C01262
291,Peptides,Peptides,Dipeptides [Fig],C00386  Carnosine,C00386
292,Peptides,Peptides,Dipeptides [Fig],C00993  D-Alanyl-D-alanine,C00993
293,Peptides,Amino acids,Common amino acids [Fig],C00037  Glycine (Gly),C00037
294,Peptides,Amino acids,Common amino acids [Fig],C00041  Alanine (Ala),C00041
295,Peptides,Amino acids,Common amino acids [Fig],C00183  Valine (Val),C00183
296,Peptides,Amino acids,Common amino acids [Fig],C00123  Leucine (Leu),C00123
297,Peptides,Amino acids,Common amino acids [Fig],C00407  Isoleucine (Ile),C00407
298,Peptides,Amino acids,Common amino acids [Fig],C00049  Aspartic acid (Asp),C00049
299,Peptides,Amino acids,Common amino acids [Fig],C00152  Asparagine (Asn),C00152
300,Peptides,Amino acids,Common amino acids [Fig],C00025  Glutamic acid (Glu),C00025
301,Peptides,Amino acids,Common amino acids [Fig],C00064  Glutamine (Gln),C00064
302,Peptides,Amino acids,Common amino acids [Fig],C00065  Serine (Ser),C00065
303,Peptides,Amino acids,Common amino acids [Fig],C00188  Threonine (Thr),C00188
304,Peptides,Amino acids,Common amino acids [Fig],C00073  Methionine (Met),C00073
305,Peptides,Amino acids,Common amino acids [Fig],C00097  Cysteine (Cys),C00097
306,Peptides,Amino acids,Common amino acids [Fig],C00047  Lysine (Lys),C00047
307,Peptides,Amino acids,Common amino acids [Fig],C00062  Arginine (Arg),C00062
308,Peptides,Amino acids,Common amino acids [Fig],C00135  Histidine (His),C00135
309,Peptides,Amino acids,Common amino acids [Fig],C00148  Proline (Pro),C00148
310,Peptides,Amino acids,Common amino acids [Fig],C00079  Phenylalanine (Phe),C00079
311,Peptides,Amino acids,Common amino acids [Fig],C00082  Tyrosine (Tyr),C00082
312,Peptides,Amino acids,Common amino acids [Fig],C00078  Tryptophan (Trp),C00078
313,Peptides,Amino acids,Other amino acids [Fig],C05688  Selenocysteine (Sec),C05688
314,Peptides,Amino acids,Other amino acids [Fig],C16138  Pyrrolysine (Pyl),C16138
315,Peptides,Amino acids,Other amino acids [Fig],C00077  L-Ornithine,C00077
316,Peptides,Amino acids,Other amino acids [Fig],C00155  L-Homocysteine,C00155
317,Peptides,Amino acids,Other amino acids [Fig],C00263  L-Homoserine,C00263
318,Peptides,Amino acids,Other amino acids [Fig],C00327  L-Citrulline,C00327
319,Peptides,Amino acids,Other amino acids [Fig],C00606  3-Sulfino-L-alanine,C00606
320,Peptides,Amino acids,Other amino acids [Fig],C03406  L-Argininosuccinate,C03406
321,Peptides,Amino acids,Other amino acids [Fig],"C00355  3,4-Dihydroxy-L-phenylalanine",C00355
322,Peptides,Amino acids,Other amino acids [Fig],C02515  3-Iodo-L-tyrosine,C02515
323,Peptides,Amino acids,Other amino acids [Fig],"C01060  3,5-Diiodo-L-tyrosine",C01060
324,Peptides,Amino acids,Other amino acids [Fig],C02465  Triiodothyronine,C02465
325,Peptides,Amino acids,Other amino acids [Fig],C01829  L-Thyroxine,C01829
326,Peptides,Amino acids,Other amino acids [Fig],C00099  beta-Alanine,C00099
327,Peptides,Amino acids,Other amino acids [Fig],C00334  gamma-Aminobutyric acid,C00334
328,Peptides,Amino acids,Other amino acids [Fig],C05145  3-Aminoisobutyric acid,C05145
329,Peptides,Amino acids,Other amino acids [Fig],C00133  D-Alanine,C00133
330,Peptides,Amino acids,Other amino acids [Fig],C06417  D-Valine,C06417
331,Peptides,Amino acids,Other amino acids [Fig],C01570  D-Leucine,C01570
332,Peptides,Amino acids,Other amino acids [Fig],C06418  D-Isoleucine,C06418
333,Peptides,Amino acids,Other amino acids [Fig],C00402  D-Aspartic acid,C00402
334,Peptides,Amino acids,Other amino acids [Fig],C01905  D-Asparagine,C01905
335,Peptides,Amino acids,Other amino acids [Fig],C00217  D-Glutamic acid,C00217
336,Peptides,Amino acids,Other amino acids [Fig],C00819  D-Glutamine,C00819
337,Peptides,Amino acids,Other amino acids [Fig],C00740  D-Serine,C00740
338,Peptides,Amino acids,Other amino acids [Fig],C00820  D-Threonine,C00820
339,Peptides,Amino acids,Other amino acids [Fig],C00855  D-Methionine,C00855
340,Peptides,Amino acids,Other amino acids [Fig],C00793  D-Cysteine,C00793
341,Peptides,Amino acids,Other amino acids [Fig],C00739  D-Lysine,C00739
342,Peptides,Amino acids,Other amino acids [Fig],C00792  D-Arginine,C00792
343,Peptides,Amino acids,Other amino acids [Fig],C06419  D-Histidine,C06419
344,Peptides,Amino acids,Other amino acids [Fig],C00763  D-Proline,C00763
345,Peptides,Amino acids,Other amino acids [Fig],C02265  D-Phenylalanine,C02265
346,Peptides,Amino acids,Other amino acids [Fig],C06420  D-Tyrosine,C06420
347,Peptides,Amino acids,Other amino acids [Fig],C00525  D-Tryptophan,C00525
348,Peptides,Amino acids,Other amino acids [Fig],C01879  Pidolic acid,C01879
349,Peptides,Amino acids,Other amino acids [Fig],C01157  Hydroxyproline,C01157
350,Peptides,Amino acids,Other amino acids [Fig],C01420  Cystine,C01420
351,Peptides,Amino acids,Other amino acids [Fig],C03145  N-Formylmethionine,C03145
352,Peptides,Amines,Biogenic amines [Fig],C00189  Ethanolamine,C00189
353,Peptides,Amines,Biogenic amines [Fig],C01678  Cysteamine,C01678
354,Peptides,Amines,Biogenic amines [Fig],C03194  Aminopropanol,C03194
355,Peptides,Amines,Biogenic amines [Fig],C00099  beta-Alanine,C00099
356,Peptides,Amines,Biogenic amines [Fig],C00334  gamma-Aminobutyric acid (GABA),C00334
357,Peptides,Amines,Biogenic amines [Fig],C00134  Putrescine,C00134
358,Peptides,Amines,Biogenic amines [Fig],C00388  Histamine,C00388
359,Peptides,Amines,Biogenic amines [Fig],C03758  Dopamine,C03758
360,Peptides,Amines,Biogenic amines [Fig],C00780  Serotonin,C00780
361,Peptides,Amines,Biogenic amines [Fig],C00483  Tyramine,C00483
362,Peptides,Amines,Biogenic amines [Fig],C05332  Phenethylamine,C05332
363,Peptides,Amines,Biogenic amines [Fig],C01137  S-Adenosylmethioninamine,C01137
364,Vitamins and cofactors,Vitamins,Fat-soluble vitamins [Fig],C00473  Retinol (Vitamin A),C00473
365,Vitamins and cofactors,Vitamins,Fat-soluble vitamins [Fig],C05441  Ergocalciferol (Vitamin D2),C05441
366,Vitamins and cofactors,Vitamins,Fat-soluble vitamins [Fig],C05443  Cholecalciferol (Vitamin D3),C05443
367,Vitamins and cofactors,Vitamins,Fat-soluble vitamins [Fig],C02477  alpha-Tocopherol (Vitamin E),C02477
368,Vitamins and cofactors,Vitamins,Fat-soluble vitamins [Fig],C02059  Phylloquinone (Vitamin K1),C02059
369,Vitamins and cofactors,Vitamins,Fat-soluble vitamins [Fig],C00828  Menaquinone (Vitamin K2),C00828
370,Vitamins and cofactors,Vitamins,Water-soluble vitamins [Fig],C00378  Thiamine (Vitamin B1),C00378
371,Vitamins and cofactors,Vitamins,Water-soluble vitamins [Fig],C00255  Riboflavin (Vitamin B2),C00255
372,Vitamins and cofactors,Vitamins,Water-soluble vitamins [Fig],C00253  Nicotinic acid (Vitamin B3),C00253
373,Vitamins and cofactors,Vitamins,Water-soluble vitamins [Fig],C00153  Nicotinamide (Vitamin B3),C00153
374,Vitamins and cofactors,Vitamins,Water-soluble vitamins [Fig],C00864  Pantothenic acid (Vitamin B5),C00864
375,Vitamins and cofactors,Vitamins,Water-soluble vitamins [Fig],C00250  Pyridoxal (Vitamin B6),C00250
376,Vitamins and cofactors,Vitamins,Water-soluble vitamins [Fig],C00314  Pyridoxine (Vitamin B6),C00314
377,Vitamins and cofactors,Vitamins,Water-soluble vitamins [Fig],C00534  Pyridoxamine (Vitamin B6),C00534
378,Vitamins and cofactors,Vitamins,Water-soluble vitamins [Fig],C00504  Folic acid (Vitamin B9),C00504
379,Vitamins and cofactors,Vitamins,Water-soluble vitamins [Fig],C05776  Cobalamin(III) (Vitamin B12),C05776
380,Vitamins and cofactors,Vitamins,Water-soluble vitamins [Fig],C00072  Ascorbic acid (Vitamin C),C00072
381,Vitamins and cofactors,Cofactors,Coenzymes [Fig],C00068  TPP,C00068
382,Vitamins and cofactors,Cofactors,Coenzymes [Fig],C00016  FAD,C00016
383,Vitamins and cofactors,Cofactors,Coenzymes [Fig],C00061  FMN,C00061
384,Vitamins and cofactors,Cofactors,Coenzymes [Fig],C00003  NAD,C00003
385,Vitamins and cofactors,Cofactors,Coenzymes [Fig],C00006  NADP,C00006
386,Vitamins and cofactors,Cofactors,Coenzymes [Fig],C00010  CoA,C00010
387,Vitamins and cofactors,Cofactors,Coenzymes [Fig],C00018  PLP,C00018
388,Vitamins and cofactors,Cofactors,Coenzymes [Fig],C00101  THF,C00101
389,Vitamins and cofactors,Cofactors,Coenzymes [Fig],C00194  Cobamamide,C00194
390,Vitamins and cofactors,Cofactors,Coenzymes [Fig],C00002  ATP,C00002
391,Vitamins and cofactors,Cofactors,Coenzymes [Fig],C00063  CTP,C00063
392,Vitamins and cofactors,Cofactors,Coenzymes [Fig],C00019  SAM,C00019
393,Vitamins and cofactors,Cofactors,Coenzymes [Fig],C00029  UDP-glucose,C00029
394,Vitamins and cofactors,Cofactors,Coenzymes [Fig],C04628  Coenzyme B,C04628
395,Vitamins and cofactors,Cofactors,Coenzymes [Fig],C05777  Coenzyme F430,C05777
396,Vitamins and cofactors,Cofactors,Coenzymes [Fig],C03576  Coenzyme M,C03576
397,Vitamins and cofactors,Cofactors,Coenzymes [Fig],C11378  Coenzyme Q10,C11378
398,Vitamins and cofactors,Cofactors,Coenzymes [Fig],C00051  Glutathione,C00051
399,Vitamins and cofactors,Cofactors,Coenzymes [Fig],C00862  Methanofuran,C00862
400,Vitamins and cofactors,Cofactors,Coenzymes [Fig],C00053  PAPS,C00053
401,Vitamins and cofactors,Cofactors,Coenzymes [Fig],C00272  Tetrahydrobiopterin,C00272
402,Vitamins and cofactors,Cofactors,Coenzymes [Fig],"C01217  5,6,7,8-Tetrahydromethanopterin",C01217
403,Vitamins and cofactors,Cofactors,Coenzymes [Fig],C15670  Heme A,C15670
404,Vitamins and cofactors,Cofactors,Coenzymes [Fig],C00032  Heme B,C00032
405,Vitamins and cofactors,Cofactors,Coenzymes [Fig],C15672  Heme O,C15672
406,Vitamins and cofactors,Cofactors,Coenzymes [Fig],C00120  Biotin,C00120
407,Vitamins and cofactors,Cofactors,Coenzymes [Fig],C00725  Lipoate,C00725
408,Vitamins and cofactors,Cofactors,Coenzymes [Fig],C18237  Molybdenum cofactor,C18237
409,Vitamins and cofactors,Cofactors,Coenzymes [Fig],C00113  PQQ,C00113
410,Steroids,18-Carbon atoms,Estrane derivatives [Fig],C02537  Estradiol-17alpha,C02537
411,Steroids,18-Carbon atoms,Estrane derivatives [Fig],C00951  Estradiol-17beta,C00951
412,Steroids,18-Carbon atoms,Estrane derivatives [Fig],C05141  Estriol,C05141
413,Steroids,18-Carbon atoms,Estrane derivatives [Fig],C00468  Estrone,C00468
414,Steroids,18-Carbon atoms,Estrane derivatives [Fig],C14392  Equilin,C14392
415,Steroids,18-Carbon atoms,Estrane derivatives [Fig],C14303  Equilenin,C14303
416,Steroids,18-Carbon atoms,Estrane derivatives [Fig],C05301  2-Hydroxyestradiol,C05301
417,Steroids,18-Carbon atoms,Estrane derivatives [Fig],C03935  6beta-Hydroxyestradiol-17beta,C03935
418,Steroids,18-Carbon atoms,Estrane derivatives [Fig],C05302  2-Methoxyestradiol-17beta,C05302
419,Steroids,19-Carbon atoms,Androstane derivatives [Fig],C05285  Adrenosterone,C05285
420,Steroids,19-Carbon atoms,Androstane derivatives [Fig],C00523  Androsterone,C00523
421,Steroids,19-Carbon atoms,Androstane derivatives [Fig],"C03772  5beta-Androstane-3,17-dione",C03772
422,Steroids,19-Carbon atoms,Androstane derivatives [Fig],C07632  Androstanediol,C07632
423,Steroids,19-Carbon atoms,Androstane derivatives [Fig],C15638  3-Androstanol,C15638
424,Steroids,19-Carbon atoms,Androstane derivatives [Fig],C04295  Androstenediol,C04295
425,Steroids,19-Carbon atoms,Androstane derivatives [Fig],C00280  Androstenedione,C00280
426,Steroids,19-Carbon atoms,Androstane derivatives [Fig],C14210  4-Androstenediol,C14210
427,Steroids,19-Carbon atoms,Androstane derivatives [Fig],C01227  Dehydroepiandrosterone,C01227
428,Steroids,19-Carbon atoms,Androstane derivatives [Fig],C03917  Dihydrotestosterone,C03917
429,Steroids,19-Carbon atoms,Androstane derivatives [Fig],C04373  Etiocholanolone,C04373
430,Steroids,19-Carbon atoms,Androstane derivatives [Fig],C00535  Testosterone,C00535
431,Steroids,21-Carbon atoms,Pregnane derivatives [Fig],C01953  Pregnenolone,C01953
432,Steroids,21-Carbon atoms,Pregnane derivatives [Fig],C00410  Progesterone,C00410
433,Steroids,21-Carbon atoms,Pregnane derivatives [Fig],C01780  Aldosterone,C01780
434,Steroids,21-Carbon atoms,Pregnane derivatives [Fig],C03205  11-Deoxycorticosterone,C03205
435,Steroids,21-Carbon atoms,Pregnane derivatives [Fig],C02140  Corticosterone,C02140
436,Steroids,21-Carbon atoms,Pregnane derivatives [Fig],C00735  Cortisol,C00735
437,Steroids,21-Carbon atoms,Pregnane derivatives [Fig],C00762  Cortisone,C00762
438,Steroids,23-Carbon atoms,Cardanolide derivatives [Fig],C08859  Cymarin,C08859
439,Steroids,23-Carbon atoms,Cardanolide derivatives [Fig],C08866  Gitoxin,C08866
440,Steroids,23-Carbon atoms,Cardanolide derivatives [Fig],C08876  Neriifolin,C08876
441,Steroids,23-Carbon atoms,Cardanolide derivatives [Fig],C06955  Digitoxin,C06955
442,Steroids,23-Carbon atoms,Cardanolide derivatives [Fig],C06956  Digoxin,C06956
443,Steroids,23-Carbon atoms,Cardanolide derivatives [Fig],C01443  Ouabain,C01443
444,Steroids,24-Carbon atoms,Cholane derivatives [Fig],C00695  Cholic acid,C00695
445,Steroids,24-Carbon atoms,Cholane derivatives [Fig],C02528  Chenodeoxycholate,C02528
446,Steroids,24-Carbon atoms,Cholane derivatives [Fig],C04483  Deoxycholic acid,C04483
447,Steroids,24-Carbon atoms,Cholane derivatives [Fig],C03990  Lithocholic acid,C03990
448,Steroids,24-Carbon atoms,Cholane derivatives [Fig],C07880  Ursodiol,C07880
449,Steroids,24-Carbon atoms,Cholane derivatives [Fig],C01921  Glycocholate,C01921
450,Steroids,24-Carbon atoms,Cholane derivatives [Fig],C05122  Taurocholate,C05122
451,Steroids,24-Carbon atoms,Cholane derivatives [Fig],C15517  Hyodeoxycholate,C15517
452,Steroids,24-Carbon atoms,Cholane derivatives [Fig],C15515  Murideoxycholate,C15515
453,Steroids,24-Carbon atoms,Cholane derivatives [Fig],C03070  3-Oxo-5beta-cholanate,C03070
454,Steroids,24-Carbon atoms,Bufanolide derivatives [Fig],C08868  Hellebrin,C08868
455,Steroids,24-Carbon atoms,Bufanolide derivatives [Fig],C17058  Resibufogenin,C17058
456,Steroids,24-Carbon atoms,Bufanolide derivatives [Fig],C16922  Bufalin,C16922
457,Steroids,24-Carbon atoms,Bufanolide derivatives [Fig],C16923  Bufotalin,C16923
458,Steroids,24-Carbon atoms,Bufanolide derivatives [Fig],C16931  Cinobufagin,C16931
459,Steroids,24-Carbon atoms,Bufanolide derivatives [Fig],C16932  Cinobufotalin,C16932
460,Steroids,24-Carbon atoms,Bufanolide derivatives [Fig],C16962  Gamabufogenin,C16962
461,Steroids,24-Carbon atoms,Bufanolide derivatives [Fig],C16969  Hellebrigenin,C16969
462,Steroids,24-Carbon atoms,Bufanolide derivatives [Fig],C17072  Telocinobufagin,C17072
463,Steroids,24-Carbon atoms,Bufanolide derivatives [Fig],C12816  Proscillaridin,C12816
464,Steroids,24-Carbon atoms,Bufanolide derivatives [Fig],C19643  Scillarenin,C19643
465,Steroids,24-Carbon atoms,Bufanolide derivatives [Fig],C08880  Scilliroside,C08880
466,Steroids,27-Carbon atoms,Cholestane derivatives [Fig],C15337  Allocholesterol,C15337
467,Steroids,27-Carbon atoms,Cholestane derivatives [Fig],C00187  Cholesterol,C00187
468,Steroids,27-Carbon atoms,Cholestane derivatives [Fig],C01164  7-Dehydrocholesterol,C01164
469,Steroids,27-Carbon atoms,Cholestane derivatives [Fig],C01802  Desmosterol,C01802
470,Steroids,27-Carbon atoms,Cholestane derivatives [Fig],C00477  Ecdysone,C00477
471,Steroids,27-Carbon atoms,Spirostan derivatives [Fig],C08896  Digitogenin,C08896
472,Steroids,27-Carbon atoms,Spirostan derivatives [Fig],C08898  Diosgenin,C08898
473,Steroids,27-Carbon atoms,Spirostan derivatives [Fig],C08899  Gitogenin,C08899
474,Steroids,27-Carbon atoms,Spirostan derivatives [Fig],C03963  Sarsasapogenin,C03963
475,Steroids,27-Carbon atoms,Spirostan derivatives [Fig],C08913  Smilagenin,C08913
476,Steroids,27-Carbon atoms,Spirostan derivatives [Fig],C08914  Tigogenin,C08914
477,Steroids,27-Carbon atoms,Furostan derivatives [Fig],C04715  Nuatigenin,C04715
478,Steroids,27-Carbon atoms,Furostan derivatives [Fig],C19648  Pseudotigogenin,C19648
479,Steroids,27-Carbon atoms,Furostan derivatives [Fig],C19649  Pseudosarsasapogenin,C19649
480,Steroids,27-Carbon atoms,Furostan derivatives [Fig],C19650  Pseudosmilagenin,C19650
481,Steroids,28-Carbon atoms,Ergostane derivatives [Fig],C19651  Ergostanol,C19651
482,Steroids,28-Carbon atoms,Ergostane derivatives [Fig],C19652  alpha-Ergostenol,C19652
483,Steroids,28-Carbon atoms,Ergostane derivatives [Fig],C01694  Ergosterol,C01694
484,Steroids,28-Carbon atoms,Ergostane derivatives [Fig],C19653  Lumisterol,C19653
485,Steroids,28-Carbon atoms,Campestane derivatives [Fig],C08814  Brassinolide,C08814
486,Steroids,28-Carbon atoms,Campestane derivatives [Fig],C15787  Campestanol,C15787
487,Steroids,28-Carbon atoms,Campestane derivatives [Fig],C01789  Campesterol,C01789
488,Steroids,29-Carbon atoms,Stigmastane derivatives [Fig],C08817  Fucosterol,C08817
489,Steroids,29-Carbon atoms,Stigmastane derivatives [Fig],C19644  Stigmastanol,C19644
490,Steroids,29-Carbon atoms,Stigmastane derivatives [Fig],C05442  Stigmasterol,C05442
491,Steroids,29-Carbon atoms,Poriferastane derivatives [Fig],C08836  Poriferasterol,C08836
492,Steroids,29-Carbon atoms,Poriferastane derivatives [Fig],C19654  gamma-Sitosterol,C19654
493,Steroids,30-Carbon atoms,Gorgostane derivatives [Fig],C19657  Acanthasterol,C19657
494,Steroids,30-Carbon atoms,Gorgostane derivatives [Fig],C19655  Gorgosterol,C19655
495,Steroids,30-Carbon atoms,Gorgostane derivatives [Fig],C19656  Sarcoaldesterol A,C19656
496,Hormones and transmitters,Peptide hormones,Prolactin-releasing peptide [KO:K05269],C16086  Prolactin-releasing peptide-31,C16086
497,Hormones and transmitters,Peptide hormones,Prolactin-releasing peptide [KO:K05269],C16087  Prolactin-releasing peptide-20,C16087
498,Hormones and transmitters,Peptide hormones,Thyrotropin-releasing hormone [KO:K05253],C03958  Thyrotropin-releasing hormone,C03958
499,Hormones and transmitters,Peptide hormones,Gonadotropin-releasing hormone [KO:K05252],C07607  Gonadotropin-releasing hormone I,C07607
500,Hormones and transmitters,Peptide hormones,Gonadotropin-releasing hormone [KO:K05252],C16084  Gonadotropin-releasing hormone II,C16084
501,Hormones and transmitters,Peptide hormones,Growth hormone-releasing hormone [KO:K05260],C16085  Growth hormone-releasing hormone (1-29),C16085
502,Hormones and transmitters,Peptide hormones,Somatostatin [KO:K05237],C16022  Somatostatin-14,C16022
503,Hormones and transmitters,Peptide hormones,Somatostatin [KO:K05237],C16021  Somatostatin-28,C16021
504,Hormones and transmitters,Peptide hormones,Corticotropin-releasing hormone [KO:K05256],C16079  Corticotropin releasing hormone,C16079
505,Hormones and transmitters,Peptide hormones,Gastrin-releasing peptide [KO:K05224],C16115  Gastrin-releasing peptide,C16115
506,Hormones and transmitters,Peptide hormones,Melanin-concentrating hormone [KO:K05229],C16030  Melanin-concentrating hormone,C16030
507,Hormones and transmitters,Peptide hormones,Oxytocin [KO:K05243],C00746  Oxytocin,C00746
508,Hormones and transmitters,Peptide hormones,Arginine vasopressin [KO:K05242],C13662  Arg-vasopressin,C13662
509,Hormones and transmitters,Peptide hormones,Melanotropin [KO:K05228],C02758  alpha-Melanotropin,C02758
510,Hormones and transmitters,Peptide hormones,Melanotropin [KO:K05228],C16136  beta-Melanotropin,C16136
511,Hormones and transmitters,Peptide hormones,Melanotropin [KO:K05228],C16137  gamma-Melanotropin,C16137
512,Hormones and transmitters,Peptide hormones,Corticotropin [KO:K05228],C02017  Corticotropin,C02017
513,Hormones and transmitters,Peptide hormones,Growth hormone [KO:K05438],C18181  Growth hormone,C18181
514,Hormones and transmitters,Peptide hormones,Prolactin [KO:K05439],C18201  Prolactin,C18201
515,Hormones and transmitters,Peptide hormones,Thyroid stimulating hormone [KO:K05251 K08522],C18182  Thyroid stimulating hormone,C18182
516,Hormones and transmitters,Peptide hormones,Luteinizing hormone [KO:K08521 K08522],C18183  Luteinizing hormone,C18183
517,Hormones and transmitters,Peptide hormones,Follicle stimulating hormone [KO:K05250 K08522],C18184  Follicle stimulating hormone,C18184
518,Hormones and transmitters,Peptide hormones,beta-Endorphin [KO:K05228],C02210  beta-Endorphin,C02210
519,Hormones and transmitters,Peptide hormones,Enkephalin [KO:K18832],C11684  Met-enkephalin,C11684
520,Hormones and transmitters,Peptide hormones,Enkephalin [KO:K18832],C16041  Leu-enkephalin,C16041
521,Hormones and transmitters,Peptide hormones,Dynorphin [KO:K15840],C01574  Dynorphin A,C01574
522,Hormones and transmitters,Peptide hormones,Dynorphin [KO:K15840],C16135  Dynorphin B,C16135
523,Hormones and transmitters,Peptide hormones,Chorionic gonadotropin [KO:K10045 K08522],C18185  Chorionic gonadotropin,C18185
524,Hormones and transmitters,Peptide hormones,Calcitonin [KO:K12332],C06865  Calcitonin,C06865
525,Hormones and transmitters,Peptide hormones,Parathyroid hormone [KO:K05261],C16051  Parathyroid hormone,C16051
526,Hormones and transmitters,Peptide hormones,Atrial natriuretic peptide [KO:K12334],C16003  Atrial natriuretic peptide,C16003
527,Hormones and transmitters,Peptide hormones,Brain natriuretic peptide [KO:K12335],C16004  Brain natriuretic peptide,C16004
528,Hormones and transmitters,Peptide hormones,C-Type natriuretic peptide [KO:K12336],C16005  C-Type natriuretic peptide,C16005
529,Hormones and transmitters,Peptide hormones,Endothelin [KO:K05227],C16010  Endothelin-1,C16010
530,Hormones and transmitters,Peptide hormones,Endothelin [KO:K05227],C16012  Endothelin-2,C16012
531,Hormones and transmitters,Peptide hormones,Endothelin [KO:K05227],C16013  Endothelin-3,C16013
532,Hormones and transmitters,Peptide hormones,Glucagon [KO:K05259],C01501  Glucagon,C01501
533,Hormones and transmitters,Peptide hormones,Insulin [KO:K04526],C00723  Insulin,C00723
534,Hormones and transmitters,Peptide hormones,Amylin [KO:K08039],C16130  Amylin,C16130
535,Hormones and transmitters,Peptide hormones,Peptide YY [KO:K05233],C16118  Peptide YY,C16118
536,Hormones and transmitters,Peptide hormones,Gastrin [KO:K13768],C18186  Gastrin-14,C18186
537,Hormones and transmitters,Peptide hormones,Gastrin [KO:K13768],C16113  Gastrin-17,C16113
538,Hormones and transmitters,Peptide hormones,Gastrin [KO:K13768],C18187  Gastrin-34,C18187
539,Hormones and transmitters,Peptide hormones,Ghrelin [KO:K05254],C16025  Ghrelin,C16025
540,Hormones and transmitters,Peptide hormones,Cholecystokinin [KO:K05226],C16114  Cholecystokinin-8,C16114
541,Hormones and transmitters,Peptide hormones,Cholecystokinin [KO:K05226],C16133  Cholecystokinin-33,C16133
542,Hormones and transmitters,Peptide hormones,Incretin [KO:K05258 K05259],C15906  Gastric inhibitory peptide,C15906
543,Hormones and transmitters,Peptide hormones,Incretin [KO:K05258 K05259],C16048  Glucagon-like peptide 1,C16048
544,Hormones and transmitters,Peptide hormones,Motilin [KO:K05265],C16047  Motilin,C16047
545,Hormones and transmitters,Peptide hormones,Secretin [KO:K05263],C13523  Secretin,C13523
546,Hormones and transmitters,Peptide hormones,Thymosin alpha [KO:K13784],C16065  Thymosin alpha-1,C16065
547,Hormones and transmitters,Peptide hormones,Thymosin beta-4 [KO:K05764],C16066  Thymosin beta-4,C16066
548,Hormones and transmitters,Peptide hormones,Thymosin beta-10 [KO:K13785],C16067  Thymosin beta-10,C16067
549,Hormones and transmitters,Peptide hormones,Insulin-like growth factor 1 [KO:K05459],C16131  Insulin-like growth factor I,C16131
550,Hormones and transmitters,Peptide hormones,Insulin-like growth factor 2 [KO:K13769],C16132  Insulin-like growth factor II,C16132
551,Hormones and transmitters,Peptide hormones,Erythropoietin [KO:K05437],C18200  Erythropoietin,C18200
552,Hormones and transmitters,Peptide hormones,Angiotensin [KO:K09821],C00873  Angiotensin I,C00873
553,Hormones and transmitters,Peptide hormones,Angiotensin [KO:K09821],C02135  Angiotensin II,C02135
554,Hormones and transmitters,Peptide hormones,Angiotensin [KO:K09821],C15848  Angiotensin III,C15848
555,Hormones and transmitters,Peptide hormones,Angiotensin [KO:K09821],C15849  Angiotensin IV,C15849
556,Hormones and transmitters,Peptide hormones,Bradykinin [KO:K03898],C00306  Bradykinin,C00306
557,Hormones and transmitters,Peptide hormones,Leptin [KO:K05424],C18188  Leptin,C18188
558,Hormones and transmitters,Peptide hormones,Adiponectin [KO:K07296],C18189  Adiponectin,C18189
559,Hormones and transmitters,Peptide hormones,Resistin [KO:K13438],C18190  Resistin,C18190
560,Hormones and transmitters,Steroid hormones,Androgens,C00280  Androstenedione,C00280
561,Hormones and transmitters,Steroid hormones,Androgens,C05291  7alpha-Hydroxytestosterone,C05291
562,Hormones and transmitters,Steroid hormones,Androgens,C00535  Testosterone,C00535
563,Hormones and transmitters,Steroid hormones,Androgens,C01227  Dehydroepiandrosterone,C01227
564,Hormones and transmitters,Steroid hormones,Androgens,C03917  Dihydrotestosterone,C03917
565,Hormones and transmitters,Steroid hormones,Androgens,C04555  Dehydroepiandrosterone sulfate,C04555
566,Hormones and transmitters,Steroid hormones,Androgens,C05294  19-Hydroxytestosterone,C05294
567,Hormones and transmitters,Steroid hormones,Estrogens,C00468  Estrone (E1),C00468
568,Hormones and transmitters,Steroid hormones,Estrogens,C00951  Estradiol-17beta (E2),C00951
569,Hormones and transmitters,Steroid hormones,Estrogens,C05141  Estriol (E3),C05141
570,Hormones and transmitters,Steroid hormones,Estrogens,C22548  Estetrol (E4),C22548
571,Hormones and transmitters,Steroid hormones,Estrogens,C02538  Estrone 3-sulfate,C02538
572,Hormones and transmitters,Steroid hormones,Estrogens,C05300  16alpha-Hydroxyestrone,C05300
573,Hormones and transmitters,Steroid hormones,Progestagens,C00410  Progesterone,C00410
574,Hormones and transmitters,Steroid hormones,Progestagens,C01176  17alpha-Hydroxyprogesterone,C01176
575,Hormones and transmitters,Steroid hormones,Progestagens,C01953  Pregnenolone,C01953
576,Hormones and transmitters,Steroid hormones,Progestagens,C05138  17alpha-Hydroxypregnenolone,C05138
577,Hormones and transmitters,Steroid hormones,Glucocorticoids,C00735  Cortisol,C00735
578,Hormones and transmitters,Steroid hormones,Glucocorticoids,C00762  Cortisone,C00762
579,Hormones and transmitters,Steroid hormones,Glucocorticoids,C05488  11-Deoxycortisol,C05488
580,Hormones and transmitters,Steroid hormones,Glucocorticoids,C05470  Tetrahydrocortisone,C05470
581,Hormones and transmitters,Steroid hormones,Glucocorticoids,C05497  21-Deoxycortisol,C05497
582,Hormones and transmitters,Steroid hormones,Mineralocorticoids,C01124  18-Hydroxycorticosterone,C01124
583,Hormones and transmitters,Steroid hormones,Mineralocorticoids,C01780  Aldosterone,C01780
584,Hormones and transmitters,Steroid hormones,Mineralocorticoids,C02140  Corticosterone,C02140
585,Hormones and transmitters,Steroid hormones,Mineralocorticoids,C03205  11-Deoxycorticosterone,C03205
586,Hormones and transmitters,Steroid hormones,Mineralocorticoids,C05490  11-Dehydrocorticosterone,C05490
587,Hormones and transmitters,Steroid hormones,Others,C01673  Calcitriol (Vitamin D),C01673
588,Hormones and transmitters,Steroid hormones,Others,C00477  Ecdysone,C00477
589,Hormones and transmitters,Other hormones,Melatonin,C01598  Melatonin,C01598
590,Hormones and transmitters,Other hormones,Thyroid hormones,C01829  Thyroxine,C01829
591,Hormones and transmitters,Other hormones,Thyroid hormones,C02465  Triiodothyronine,C02465
592,Hormones and transmitters,Other hormones,Adrenalines,C00788  Adrenaline,C00788
593,Hormones and transmitters,Other hormones,Adrenalines,C00547  Noradrenaline,C00547
594,Hormones and transmitters,Other hormones,Dopamine,C03758  Dopamine,C03758
595,Hormones and transmitters,Other hormones,Histamine,C00388  Histamine,C00388
596,Hormones and transmitters,Neurotransmitters [Fig],Acetylcholine,C01996  Acetylcholine,C01996
597,Hormones and transmitters,Neurotransmitters [Fig],Amino acids,C00037  Glycine,C00037
598,Hormones and transmitters,Neurotransmitters [Fig],Amino acids,C00049  Aspartate,C00049
599,Hormones and transmitters,Neurotransmitters [Fig],Amino acids,C00025  Glutamate,C00025
600,Hormones and transmitters,Neurotransmitters [Fig],Amino acids,C00334  GABA,C00334
601,Hormones and transmitters,Neurotransmitters [Fig],Amino acids,C00355  Dopa,C00355
602,Hormones and transmitters,Neurotransmitters [Fig],Amino acids,C01829  Thyroxine,C01829
603,Hormones and transmitters,Neurotransmitters [Fig],Biogenic amines,C03758  Dopamine,C03758
604,Hormones and transmitters,Neurotransmitters [Fig],Biogenic amines,C00788  Epinephrine; Adrenaline,C00788
605,Hormones and transmitters,Neurotransmitters [Fig],Biogenic amines,C00547  Norepinephrine; Noradrenaline,C00547
606,Hormones and transmitters,Neurotransmitters [Fig],Biogenic amines,C00780  Serotonin,C00780
607,Hormones and transmitters,Neurotransmitters [Fig],Biogenic amines,C00388  Histamine,C00388
608,Antibiotics,beta-Lactams [Fig],Penams,C05551  Penicillin G,C05551
609,Antibiotics,beta-Lactams [Fig],Penams,C06574  Ampicillin,C06574
610,Antibiotics,beta-Lactams [Fig],Cephems,C00916  Cephalosporin C,C00916
611,Antibiotics,beta-Lactams [Fig],Cephems,C06566  Cephamycin C,C06566
612,Antibiotics,beta-Lactams [Fig],Cephems,C06880  Cefazolin,C06880
613,Antibiotics,beta-Lactams [Fig],Cephems,C06683  Ceftriaxone,C06683
614,Antibiotics,beta-Lactams [Fig],Clavams,C06662  Clavulanic acid,C06662
615,Antibiotics,beta-Lactams [Fig],Carbapenems,C06664  Thienamycin,C06664
616,Antibiotics,beta-Lactams [Fig],Carbapenems,C06665  Imipenem,C06665
617,Antibiotics,beta-Lactams [Fig],Monobactams,C01941  Nocardicin A,C01941
618,Antibiotics,beta-Lactams [Fig],Monobactams,C06840  Aztreonam,C06840
619,Antibiotics,Aminoglycosides [Fig],Streptidines,C00413  Streptomycin,C00413
620,Antibiotics,Aminoglycosides [Fig],Actinamines,C02078  Spectinomycin,C02078
621,Antibiotics,Aminoglycosides [Fig],2-Deoxystreptamines,C00304  Kanamycin,C00304
622,Antibiotics,Aminoglycosides [Fig],2-Deoxystreptamines,C01918  Gentamicin C,C01918
623,Antibiotics,Aminoglycosides [Fig],2-Deoxystreptamines,C01737  Neomycin B,C01737
624,Antibiotics,Aminoglycosides [Fig],2-Deoxystreptamines,C17585  Butirosin A,C17585
625,Antibiotics,Polyketides and nonribosomal peptides [Fig],Macrolides,C01912  Erythromycin,C01912
626,Antibiotics,Polyketides and nonribosomal peptides [Fig],Macrolides,C01946  Oleandomycin,C01946
627,Antibiotics,Polyketides and nonribosomal peptides [Fig],Macrolides,C01457  Tylosin,C01457
628,Antibiotics,Polyketides and nonribosomal peptides [Fig],Macrolides,C06690  Candicidin D,C06690
629,Antibiotics,Polyketides and nonribosomal peptides [Fig],Ansamycins,C11222  Geldanamycin,C11222
630,Antibiotics,Polyketides and nonribosomal peptides [Fig],Ansamycins,C12247  Rifamycin W,C12247
631,Antibiotics,Polyketides and nonribosomal peptides [Fig],Ansamycins,C06688  Rifampicin,C06688
632,Antibiotics,Polyketides and nonribosomal peptides [Fig],Tetracyclines,C06570  Tetracycline,C06570
633,Antibiotics,Polyketides and nonribosomal peptides [Fig],Tetracyclines,C06571  Chlortetracycline,C06571
634,Antibiotics,Polyketides and nonribosomal peptides [Fig],Other polyketides,C01661  Adriamycin,C01661
635,Antibiotics,Polyketides and nonribosomal peptides [Fig],Other polyketides,C06691  Actinorhodine,C06691
636,Antibiotics,Polyketides and nonribosomal peptides [Fig],Other polyketides,C06764  Tetranactin,C06764
637,Antibiotics,Polyketides and nonribosomal peptides [Fig],Other polyketides,C06693  Monensin,C06693
638,Antibiotics,Polyketides and nonribosomal peptides [Fig],Other polyketides,C06686  Griseofulvin,C06686
639,Antibiotics,Polyketides and nonribosomal peptides [Fig],Non-ribosomal peptides,C06689  Vancomycin,C06689
640,Antibiotics,Polyketides and nonribosomal peptides [Fig],Non-ribosomal peptides,C12046  Teicoplanin A2-2,C12046
641,Antibiotics,Polyketides and nonribosomal peptides [Fig],Non-ribosomal peptides,C01895  Bleomycin B2,C01895
642,Antibiotics,Polyketides and nonribosomal peptides [Fig],Non-ribosomal peptides,C15482  Bacitracin A,C15482
643,Antibiotics,Polyketides and nonribosomal peptides [Fig],Non-ribosomal peptides,C06684  Valinomycin,C06684
644,Antibiotics,Polyketides and nonribosomal peptides [Fig],Non-ribosomal peptides,C11612  Polymyxin B,C11612
645,Antibiotics,Polyketides and nonribosomal peptides [Fig],Non-ribosomal peptides,C06770  Actinomycin D,C06770
646,Antibiotics,Quinolones [Fig],4-Quinolones,C05079  Nalidixic acid,C05079
647,Antibiotics,Quinolones [Fig],Fluoroquinolones,C06687  Norfloxacin,C06687
648,Antibiotics,Others [Fig],Pure sugars,C06763  Nojirimycin,C06763
649,Antibiotics,Others [Fig],Glycolipids,C06765  Flavomycin,C06765
650,Antibiotics,Others [Fig],Amino acid derivatives,C06682  Cycloserine,C06682
651,Antibiotics,Others [Fig],Peptide nucleosides,C06692  Polyoxin B,C06692
652,Antibiotics,Others [Fig],Cycloalkane derivatives,C06685  Cycloheximide,C06685
653,Antibiotics,Others [Fig],Steroids,C06694  Fusidic acid,C06694
654,Antibiotics,Others [Fig],Aromatic compounds,C00918  Chloramphenicol,C00918
655,Antibiotics,Others [Fig],Aromatic compounds,C05080  Novobiocin,C05080
656,Antibiotics,Others [Fig],Aliphatic compounds,C06454  Fosfomycin,C06454
657,Antibiotics,Others [Fig],Quinones,C06681  Mitomycin,C06681
658,Antibiotics,Others [Fig],Cyclic lactones,C06695  2-Oxazolidinone,C06695
